booking_id,amount,status
478,958,unpaid
111,89,unpaid
18,636,unpaid
717,265,unpaid
7,615,unpaid
959,1000,unpaid
93,953,unpaid
691,806,unpaid
317,670,unpaid
623,169,unpaid
183,398,unpaid
390,94,unpaid
868,370,unpaid
375,585,unpaid
143,328,unpaid
466,620,unpaid
927,781,unpaid
571,129,unpaid
763,110,unpaid
6,161,unpaid
83,193,unpaid
469,333,unpaid
775,341,unpaid
709,907,unpaid
582,587,unpaid
37,178,unpaid
442,445,unpaid
339,799,unpaid
942,80,unpaid
253,767,unpaid
993,873,unpaid
440,923,unpaid
249,367,unpaid
157,911,unpaid
754,60,unpaid
69,186,unpaid
104,983,unpaid
211,532,unpaid
198,234,unpaid
980,382,unpaid
801,331,unpaid
957,819,unpaid
262,777,unpaid
540,280,unpaid
283,396,unpaid
519,796,unpaid
378,551,unpaid
18,939,unpaid
548,204,unpaid
570,163,unpaid
576,390,unpaid
889,412,unpaid
349,959,unpaid
541,107,unpaid
925,353,unpaid
681,754,unpaid
268,886,unpaid
378,116,unpaid
896,290,unpaid
284,388,unpaid
34,966,unpaid
240,134,unpaid
253,442,unpaid
104,112,unpaid
273,517,unpaid
335,935,unpaid
995,300,unpaid
637,436,unpaid
720,436,unpaid
409,327,unpaid
808,353,unpaid
982,400,unpaid
215,295,unpaid
838,110,unpaid
542,747,unpaid
334,97,unpaid
859,54,unpaid
599,187,unpaid
210,426,unpaid
623,119,unpaid
297,765,unpaid
822,681,unpaid
355,148,unpaid
511,931,unpaid
356,580,unpaid
698,776,unpaid
94,933,unpaid
338,500,unpaid
748,227,unpaid
657,448,unpaid
803,219,unpaid
998,743,unpaid
852,325,unpaid
764,194,unpaid
24,553,unpaid
66,933,unpaid
761,864,unpaid
689,287,unpaid
246,185,unpaid
240,286,unpaid
500,774,unpaid
581,432,unpaid
10,131,unpaid
706,514,unpaid
565,300,unpaid
814,469,unpaid
202,190,unpaid
423,780,unpaid
195,793,unpaid
302,911,unpaid
989,90,unpaid
188,354,unpaid
604,682,unpaid
882,336,unpaid
324,348,unpaid
680,924,unpaid
989,598,unpaid
797,918,unpaid
954,874,unpaid
778,476,unpaid
662,135,unpaid
779,389,unpaid
779,785,unpaid
358,93,unpaid
621,638,unpaid
434,446,unpaid
468,583,unpaid
975,215,unpaid
739,883,unpaid
354,247,unpaid
517,308,unpaid
319,439,unpaid
169,706,unpaid
705,256,unpaid
713,926,unpaid
297,499,unpaid
326,150,unpaid
574,793,unpaid
870,351,unpaid
778,625,unpaid
97,972,unpaid
998,718,unpaid
883,974,unpaid
639,965,unpaid
818,314,unpaid
433,391,unpaid
270,958,unpaid
920,577,unpaid
209,961,unpaid
724,103,unpaid
511,876,unpaid
450,260,unpaid
425,281,unpaid
408,260,unpaid
475,786,unpaid
226,702,unpaid
168,477,unpaid
731,653,unpaid
201,424,unpaid
245,647,unpaid
798,710,unpaid
458,509,unpaid
395,889,unpaid
67,653,unpaid
3,422,unpaid
413,939,unpaid
776,304,unpaid
202,989,unpaid
579,298,unpaid
933,798,unpaid
907,249,unpaid
861,429,unpaid
727,256,unpaid
815,806,unpaid
221,874,unpaid
152,361,unpaid
470,57,unpaid
523,95,unpaid
537,551,unpaid
123,527,unpaid
185,915,unpaid
493,372,unpaid
726,286,unpaid
152,813,unpaid
246,724,unpaid
775,961,unpaid
439,985,unpaid
739,900,unpaid
128,876,unpaid
604,931,unpaid
202,366,unpaid
325,327,unpaid
12,68,unpaid
611,509,unpaid
780,505,unpaid
255,171,unpaid
913,381,unpaid
668,678,unpaid
125,931,unpaid
6,112,unpaid
641,396,unpaid
329,909,unpaid
343,757,unpaid
794,695,unpaid
341,530,unpaid
509,784,unpaid
538,299,unpaid
730,363,unpaid
72,270,unpaid
883,776,unpaid
928,795,unpaid
567,376,unpaid
859,812,unpaid
204,649,unpaid
287,821,unpaid
628,437,unpaid
515,187,unpaid
986,480,unpaid
828,875,unpaid
835,495,unpaid
527,670,unpaid
116,666,unpaid
170,66,unpaid
594,571,unpaid
874,880,unpaid
771,274,unpaid
903,162,unpaid
698,817,unpaid
505,404,unpaid
15,73,unpaid
687,232,unpaid
257,99,unpaid
924,458,unpaid
880,357,unpaid
509,560,unpaid
868,331,unpaid
954,636,unpaid
740,404,unpaid
223,397,unpaid
809,381,unpaid
979,235,unpaid
705,74,unpaid
403,744,unpaid
220,485,unpaid
311,191,unpaid
119,239,unpaid
471,224,unpaid
743,481,unpaid
467,820,unpaid
891,589,unpaid
793,977,unpaid
884,503,unpaid
378,879,unpaid
269,879,unpaid
87,784,unpaid
233,621,unpaid
699,441,unpaid
558,803,unpaid
732,81,unpaid
185,598,unpaid
667,336,unpaid
725,295,unpaid
54,422,unpaid
333,656,unpaid
870,502,unpaid
966,989,unpaid
597,694,unpaid
530,928,unpaid
91,259,unpaid
860,150,unpaid
695,827,unpaid
108,867,unpaid
669,292,unpaid
597,402,unpaid
885,723,unpaid
211,623,unpaid
529,90,unpaid
449,301,unpaid
953,153,unpaid
161,459,unpaid
705,305,unpaid
300,926,unpaid
735,848,unpaid
714,939,unpaid
433,267,unpaid
36,581,unpaid
20,624,unpaid
462,338,unpaid
120,339,unpaid
465,105,unpaid
189,778,unpaid
815,621,unpaid
285,193,unpaid
930,449,unpaid
45,984,unpaid
688,825,unpaid
371,696,unpaid
356,746,unpaid
611,939,unpaid
653,946,unpaid
717,497,unpaid
98,495,unpaid
599,182,unpaid
150,152,unpaid
456,871,unpaid
397,238,unpaid
737,789,unpaid
312,919,unpaid
560,728,unpaid
267,287,unpaid
246,578,unpaid
385,903,unpaid
617,474,unpaid
946,249,unpaid
709,665,unpaid
60,885,unpaid
520,844,unpaid
576,92,unpaid
873,839,unpaid
956,826,unpaid
227,885,unpaid
999,291,unpaid
666,820,unpaid
922,797,unpaid
739,207,unpaid
540,800,unpaid
106,371,unpaid
493,989,unpaid
955,495,unpaid
145,83,unpaid
123,147,unpaid
375,974,unpaid
4,99,unpaid
453,868,unpaid
66,314,unpaid
616,768,unpaid
500,622,unpaid
531,494,unpaid
23,542,unpaid
706,956,unpaid
329,869,unpaid
737,434,unpaid
31,862,unpaid
577,649,unpaid
853,161,unpaid
548,80,unpaid
133,437,unpaid
345,587,unpaid
369,727,unpaid
30,694,unpaid
966,925,unpaid
781,331,unpaid
690,643,unpaid
504,547,unpaid
393,433,unpaid
392,950,unpaid
781,753,unpaid
747,122,unpaid
935,747,unpaid
419,216,unpaid
784,451,unpaid
834,755,unpaid
485,505,unpaid
285,77,unpaid
69,656,unpaid
60,256,unpaid
783,991,unpaid
435,742,unpaid
893,563,unpaid
899,134,unpaid
782,656,unpaid
848,847,unpaid
428,954,unpaid
384,848,unpaid
800,365,unpaid
120,633,unpaid
111,111,unpaid
239,560,unpaid
471,144,unpaid
498,607,unpaid
961,498,unpaid
256,600,unpaid
688,487,unpaid
358,157,unpaid
429,175,unpaid
687,466,unpaid
984,452,unpaid
262,807,unpaid
381,164,unpaid
659,604,unpaid
272,93,unpaid
482,306,unpaid
564,73,unpaid
545,991,unpaid
649,566,unpaid
592,992,unpaid
815,861,unpaid
60,758,unpaid
364,104,unpaid
167,940,unpaid
253,564,unpaid
426,119,unpaid
829,448,unpaid
94,649,unpaid
871,921,unpaid
709,647,unpaid
39,621,unpaid
376,753,unpaid
368,367,unpaid
164,311,unpaid
815,447,unpaid
259,718,unpaid
987,967,unpaid
495,776,unpaid
207,269,unpaid
355,591,unpaid
221,959,unpaid
719,778,unpaid
671,447,unpaid
930,121,unpaid
723,943,unpaid
227,251,unpaid
927,140,unpaid
302,502,unpaid
948,310,unpaid
447,315,unpaid
319,262,unpaid
598,499,unpaid
169,719,unpaid
253,193,unpaid
795,928,unpaid
185,964,unpaid
292,77,unpaid
870,315,unpaid
55,733,unpaid
986,966,unpaid
549,85,unpaid
245,391,unpaid
83,515,unpaid
951,556,unpaid
828,529,unpaid
525,368,unpaid
810,687,unpaid
325,306,unpaid
871,900,unpaid
447,216,unpaid
374,460,unpaid
593,494,unpaid
428,968,unpaid
43,190,unpaid
705,504,unpaid
882,886,unpaid
620,311,unpaid
701,852,unpaid
456,362,unpaid
393,136,unpaid
347,139,unpaid
621,964,unpaid
747,609,unpaid
436,81,unpaid
333,722,unpaid
308,750,unpaid
291,570,unpaid
938,507,unpaid
361,431,unpaid
790,278,unpaid
695,307,unpaid
999,894,unpaid
407,191,unpaid
601,693,unpaid
626,583,unpaid
279,857,unpaid
697,450,unpaid
669,308,unpaid
49,438,unpaid
959,918,unpaid
695,299,unpaid
84,203,unpaid
876,386,unpaid
328,548,unpaid
457,492,unpaid
16,436,unpaid
306,787,unpaid
127,577,unpaid
153,275,unpaid
461,833,unpaid
293,673,unpaid
177,83,unpaid
214,105,unpaid
322,197,unpaid
323,876,unpaid
345,344,unpaid
892,431,unpaid
560,414,unpaid
421,468,unpaid
369,843,unpaid
899,94,unpaid
274,657,unpaid
45,827,unpaid
108,160,unpaid
19,941,unpaid
34,440,unpaid
51,792,unpaid
299,294,unpaid
605,345,unpaid
677,552,unpaid
193,532,unpaid
205,775,unpaid
225,445,unpaid
405,148,unpaid
178,586,unpaid
245,187,unpaid
894,599,unpaid
431,747,unpaid
779,726,unpaid
608,380,unpaid
651,711,unpaid
980,624,unpaid
819,943,unpaid
455,929,unpaid
189,543,unpaid
191,97,unpaid
760,720,unpaid
645,900,unpaid
184,783,unpaid
848,206,unpaid
558,744,unpaid
461,886,unpaid
320,466,unpaid
901,407,unpaid
822,563,unpaid
624,818,unpaid
403,492,unpaid
7,944,unpaid
852,386,unpaid
567,738,unpaid
749,783,unpaid
939,678,unpaid
176,434,unpaid
380,280,unpaid
502,303,unpaid
923,662,unpaid
186,58,unpaid
634,233,unpaid
432,685,unpaid
74,104,unpaid
723,156,unpaid
714,600,unpaid
449,821,unpaid
981,141,unpaid
551,629,unpaid
925,329,unpaid
552,206,unpaid
29,538,unpaid
460,714,unpaid
866,487,unpaid
851,407,unpaid
679,78,unpaid
221,330,unpaid
992,189,unpaid
382,577,unpaid
661,269,unpaid
741,239,unpaid
580,120,unpaid
719,635,unpaid
315,335,unpaid
745,772,unpaid
655,385,unpaid
369,157,unpaid
475,864,unpaid
995,217,unpaid
473,965,unpaid
664,952,unpaid
26,701,unpaid
874,770,unpaid
321,160,unpaid
881,345,unpaid
133,185,unpaid
81,100,unpaid
48,888,unpaid
491,755,unpaid
594,987,unpaid
643,698,unpaid
272,128,unpaid
633,240,unpaid
891,823,unpaid
49,901,unpaid
131,152,unpaid
666,931,unpaid
468,178,unpaid
922,169,unpaid
960,465,unpaid
823,492,unpaid
822,476,unpaid
690,743,unpaid
143,435,unpaid
874,800,unpaid
721,485,unpaid
417,349,unpaid
431,195,unpaid
961,567,unpaid
600,752,unpaid
883,157,unpaid
760,620,unpaid
137,159,unpaid
213,682,unpaid
708,558,unpaid
487,523,unpaid
753,107,unpaid
693,881,unpaid
62,157,unpaid
413,566,unpaid
470,565,unpaid
972,636,unpaid
891,367,unpaid
551,268,unpaid
52,462,unpaid
196,250,unpaid
204,571,unpaid
284,872,unpaid
857,495,unpaid
301,307,unpaid
718,324,unpaid
716,182,unpaid
866,393,unpaid
499,801,unpaid
141,819,unpaid
813,785,unpaid
475,393,unpaid
982,606,unpaid
584,779,unpaid
706,61,unpaid
6,345,unpaid
742,793,unpaid
576,953,unpaid
168,495,unpaid
480,549,unpaid
844,403,unpaid
411,462,unpaid
622,707,unpaid
420,88,unpaid
921,85,unpaid
724,461,unpaid
614,298,unpaid
902,306,unpaid
473,557,unpaid
914,171,unpaid
743,991,unpaid
682,391,unpaid
610,755,unpaid
393,448,unpaid
108,208,unpaid
697,210,unpaid
807,157,unpaid
999,56,unpaid
409,652,unpaid
928,397,unpaid
170,93,unpaid
119,853,unpaid
169,773,unpaid
868,782,unpaid
735,758,unpaid
921,485,unpaid
160,129,unpaid
869,881,unpaid
50,882,unpaid
364,876,unpaid
971,672,unpaid
1,466,unpaid
244,768,unpaid
136,869,unpaid
784,636,unpaid
592,675,unpaid
966,458,unpaid
440,146,unpaid
695,641,unpaid
675,60,unpaid
388,244,unpaid
354,740,unpaid
549,726,unpaid
316,191,unpaid
454,648,unpaid
703,941,unpaid
348,942,unpaid
631,934,unpaid
981,953,unpaid
542,688,unpaid
688,960,unpaid
276,794,unpaid
214,167,unpaid
122,468,unpaid
865,413,unpaid
103,596,unpaid
889,790,unpaid
830,539,unpaid
85,53,unpaid
385,896,unpaid
355,694,unpaid
158,504,unpaid
902,763,unpaid
174,303,unpaid
530,447,unpaid
882,974,unpaid
106,575,unpaid
467,118,unpaid
627,334,unpaid
989,206,unpaid
767,82,unpaid
294,906,unpaid
453,981,unpaid
677,599,unpaid
401,435,unpaid
572,889,unpaid
55,776,unpaid
660,356,unpaid
935,942,unpaid
349,899,unpaid
203,360,unpaid
315,92,unpaid
66,170,unpaid
789,812,unpaid
917,477,unpaid
16,983,unpaid
190,643,unpaid
264,147,unpaid
965,735,unpaid
914,659,unpaid
876,561,unpaid
714,975,unpaid
879,866,unpaid
432,696,unpaid
968,406,unpaid
239,774,unpaid
461,986,unpaid
254,436,unpaid
268,774,unpaid
893,613,unpaid
530,484,unpaid
951,511,unpaid
441,154,unpaid
452,82,unpaid
734,901,unpaid
250,67,unpaid
604,595,unpaid
46,271,unpaid
74,584,unpaid
826,71,unpaid
386,120,unpaid
843,226,unpaid
609,440,unpaid
283,389,unpaid
498,650,unpaid
942,530,unpaid
290,424,unpaid
401,814,unpaid
306,526,unpaid
147,808,unpaid
843,644,unpaid
887,138,unpaid
974,991,unpaid
341,770,unpaid
314,898,unpaid
243,722,unpaid
630,816,unpaid
205,683,unpaid
981,159,unpaid
53,653,unpaid
537,545,unpaid
538,60,unpaid
293,398,unpaid
153,924,unpaid
627,945,unpaid
967,896,unpaid
744,340,unpaid
961,555,unpaid
658,172,unpaid
55,783,unpaid
580,78,unpaid
230,620,unpaid
725,481,unpaid
405,886,unpaid
496,800,unpaid
335,903,unpaid
722,886,unpaid
616,317,unpaid
739,900,unpaid
821,432,unpaid
740,352,unpaid
371,480,unpaid
711,117,unpaid
797,823,unpaid
139,919,unpaid
337,89,unpaid
930,236,unpaid
931,854,unpaid
804,225,unpaid
434,366,unpaid
407,764,unpaid
141,973,unpaid
798,224,unpaid
986,508,unpaid
602,652,unpaid
318,511,unpaid
392,724,unpaid
911,492,unpaid
30,427,unpaid
2,674,unpaid
222,179,unpaid
963,533,unpaid
676,156,unpaid
858,224,unpaid
966,892,unpaid
55,658,unpaid
374,560,unpaid
33,578,unpaid
826,299,unpaid
654,859,unpaid
240,668,unpaid
951,186,unpaid
71,66,unpaid
701,59,unpaid
295,118,unpaid
721,373,unpaid
256,115,unpaid
42,173,unpaid
975,203,unpaid
712,510,unpaid
297,297,unpaid
485,992,unpaid
295,815,unpaid
788,846,unpaid
392,990,unpaid
502,981,unpaid
276,229,unpaid
124,151,unpaid
595,334,unpaid
899,71,unpaid
959,644,unpaid
653,724,unpaid
712,973,unpaid
293,295,unpaid
224,676,unpaid
451,360,unpaid
603,303,unpaid
280,266,unpaid
177,132,unpaid
832,949,unpaid
15,172,unpaid
970,637,unpaid
616,571,unpaid
864,615,unpaid
661,543,unpaid
421,995,unpaid
505,424,unpaid
836,507,unpaid
642,590,unpaid
168,710,unpaid
73,701,unpaid
835,345,unpaid
267,411,unpaid
44,545,unpaid
911,381,unpaid
696,606,unpaid
495,54,unpaid
260,131,unpaid
547,780,unpaid
291,611,unpaid
115,374,unpaid
340,460,unpaid
819,423,unpaid
786,58,unpaid
245,150,unpaid
345,594,unpaid
43,908,unpaid
212,595,unpaid
416,207,unpaid
962,672,unpaid
689,128,unpaid
28,181,unpaid
315,166,unpaid
993,725,unpaid
578,335,unpaid
723,907,unpaid
430,610,unpaid
335,357,unpaid
608,132,unpaid
828,732,unpaid
219,878,unpaid
818,278,unpaid
787,992,unpaid
877,338,unpaid
934,611,unpaid
724,439,unpaid
612,95,unpaid
404,90,unpaid
901,300,unpaid
771,311,unpaid
510,995,unpaid
756,138,unpaid
423,249,unpaid
618,226,unpaid
871,256,unpaid
246,963,unpaid
949,934,unpaid
22,865,unpaid
56,657,unpaid
788,484,unpaid
363,130,unpaid
902,761,unpaid
73,358,unpaid
297,100,unpaid
239,116,unpaid
385,620,unpaid
325,724,unpaid
936,185,unpaid
6,453,unpaid
307,821,unpaid
845,639,unpaid
1,212,unpaid
440,320,unpaid
753,827,unpaid
723,434,unpaid
994,677,unpaid
127,445,unpaid
209,219,unpaid
407,357,unpaid
618,90,unpaid
780,278,unpaid
614,857,unpaid
5,968,unpaid
871,318,unpaid
854,87,unpaid
435,885,unpaid
267,899,unpaid
516,980,unpaid
408,312,unpaid
485,860,unpaid
788,73,unpaid
696,849,unpaid
974,119,unpaid
525,387,unpaid
670,372,unpaid
273,405,unpaid
491,636,unpaid
281,441,unpaid
257,256,unpaid
700,926,unpaid
627,325,unpaid
649,965,unpaid
517,769,unpaid
148,752,unpaid
251,769,unpaid
598,738,unpaid
775,640,unpaid
245,660,unpaid
640,528,unpaid
860,412,unpaid
20,131,unpaid
589,447,unpaid
309,246,unpaid
368,248,unpaid
163,861,unpaid
586,912,unpaid
375,965,unpaid
985,387,unpaid
638,686,unpaid
190,192,unpaid
387,629,unpaid
505,317,unpaid
361,235,unpaid
297,414,unpaid
918,673,unpaid
605,376,unpaid
582,824,unpaid
12,268,unpaid
194,543,unpaid
781,655,unpaid
791,351,unpaid
696,515,unpaid
198,539,unpaid
815,407,unpaid
591,688,unpaid
420,411,unpaid
539,622,unpaid
49,665,unpaid
838,426,unpaid
320,63,unpaid
74,109,unpaid
861,213,unpaid
561,930,unpaid
976,639,unpaid
548,667,unpaid
637,117,unpaid
330,975,unpaid
303,839,unpaid
589,768,unpaid
95,855,unpaid
46,264,unpaid
493,696,unpaid
110,454,unpaid
