address,price,rooms
Address0,442,2
Address1,294,1
Address2,472,4
Address3,273,2
Address4,216,3
Address5,86,5
Address6,115,2
Address7,318,4
Address8,342,1
Address9,43,2
Address10,391,5
Address11,448,5
Address12,36,2
Address13,274,1
Address14,210,4
Address15,266,4
Address16,29,3
Address17,78,3
Address18,395,1
Address19,148,1
Address20,283,4
Address21,362,4
Address22,197,1
Address23,318,4
Address24,413,4
Address25,109,5
Address26,113,1
Address27,318,2
Address28,250,5
Address29,193,1
Address30,34,3
Address31,344,2
Address32,103,1
Address33,113,5
Address34,264,1
Address35,377,2
Address36,59,5
Address37,79,2
Address38,487,4
Address39,211,1
Address40,411,1
Address41,117,1
Address42,61,1
Address43,342,5
Address44,86,4
Address45,253,1
Address46,398,2
Address47,220,4
Address48,132,3
Address49,102,2
Address50,230,4
Address51,239,5
Address52,449,2
Address53,291,4
Address54,395,3
Address55,98,4
Address56,222,5
Address57,211,5
Address58,382,1
Address59,419,4
Address60,296,3
Address61,183,3
Address62,141,3
Address63,420,5
Address64,224,2
Address65,174,2
Address66,377,1
Address67,390,4
Address68,313,5
Address69,133,3
Address70,243,2
Address71,343,3
Address72,383,3
Address73,51,1
Address74,291,1
Address75,155,2
Address76,396,2
Address77,335,5
Address78,357,5
Address79,322,3
Address80,354,3
Address81,41,5
Address82,458,1
Address83,230,1
Address84,166,2
Address85,217,5
Address86,354,3
Address87,416,1
Address88,298,3
Address89,276,5
Address90,234,3
Address91,115,1
Address92,100,2
Address93,414,3
Address94,490,5
Address95,233,2
Address96,230,3
Address97,408,2
Address98,80,5
Address99,123,5
Address100,415,5
Address101,206,3
Address102,32,5
Address103,63,3
Address104,170,1
Address105,97,2
Address106,335,5
Address107,213,4
Address108,392,3
Address109,480,4
Address110,154,2
Address111,231,3
Address112,287,3
Address113,154,1
Address114,447,1
Address115,119,4
Address116,469,2
Address117,45,1
Address118,492,1
Address119,353,2
Address120,374,1
Address121,469,1
Address122,200,3
Address123,334,4
Address124,391,1
Address125,464,5
Address126,209,1
Address127,302,3
Address128,291,1
Address129,279,4
Address130,42,5
Address131,458,3
Address132,84,4
Address133,123,3
Address134,364,3
Address135,53,2
Address136,170,1
Address137,166,5
Address138,53,3
Address139,54,2
Address140,426,1
Address141,305,1
Address142,285,4
Address143,367,4
Address144,164,1
Address145,366,4
Address146,337,3
Address147,182,1
Address148,274,2
Address149,287,3
Address150,57,3
Address151,75,4
Address152,478,3
Address153,174,4
Address154,335,4
Address155,98,4
Address156,25,5
Address157,355,3
Address158,172,4
Address159,50,4
Address160,384,5
Address161,352,4
Address162,269,3
Address163,276,3
Address164,90,4
Address165,258,4
Address166,393,4
Address167,411,3
Address168,368,5
Address169,293,4
Address170,271,4
Address171,202,2
Address172,386,1
Address173,96,2
Address174,38,4
Address175,283,1
Address176,238,1
Address177,490,1
Address178,147,1
Address179,254,5
Address180,481,5
Address181,463,3
Address182,478,4
Address183,31,4
Address184,350,4
Address185,79,1
Address186,119,2
Address187,370,3
Address188,321,4
Address189,499,5
Address190,224,2
Address191,349,4
Address192,258,2
Address193,403,5
Address194,358,4
Address195,173,2
Address196,260,4
Address197,56,4
Address198,426,5
Address199,456,2
Address200,401,1
Address201,374,1
Address202,324,3
Address203,151,3
Address204,172,5
Address205,95,4
Address206,436,1
Address207,345,3
Address208,316,4
Address209,123,4
Address210,206,1
Address211,291,5
Address212,162,2
Address213,189,3
Address214,220,5
Address215,431,3
Address216,240,2
Address217,377,3
Address218,238,3
Address219,204,5
Address220,280,3
Address221,65,1
Address222,429,5
Address223,76,5
Address224,210,4
Address225,44,2
Address226,486,2
Address227,311,4
Address228,477,3
Address229,434,5
Address230,493,3
Address231,366,5
Address232,143,2
Address233,356,4
Address234,299,5
Address235,313,3
Address236,78,4
Address237,440,4
Address238,328,2
Address239,469,4
Address240,47,5
Address241,124,1
Address242,87,2
Address243,156,3
Address244,176,3
Address245,323,3
Address246,369,1
Address247,291,1
Address248,148,2
Address249,65,5
Address250,288,1
Address251,416,2
Address252,340,5
Address253,320,4
Address254,160,1
Address255,347,4
Address256,88,3
Address257,28,3
Address258,301,1
Address259,135,1
Address260,25,3
Address261,62,2
Address262,198,5
Address263,59,4
Address264,27,3
Address265,454,2
Address266,357,5
Address267,63,1
Address268,497,5
Address269,332,3
Address270,330,5
Address271,423,3
Address272,101,2
Address273,231,5
Address274,385,4
Address275,228,1
Address276,24,1
Address277,221,5
Address278,176,5
Address279,438,2
Address280,221,2
Address281,472,3
Address282,125,2
Address283,253,3
Address284,270,4
Address285,147,1
Address286,70,3
Address287,342,5
Address288,456,3
Address289,99,3
Address290,111,2
Address291,102,2
Address292,138,3
Address293,358,1
Address294,353,2
Address295,466,4
Address296,178,4
Address297,393,3
Address298,473,2
Address299,123,4
Address300,312,5
Address301,56,3
Address302,401,3
Address303,430,5
Address304,166,1
Address305,379,1
Address306,153,1
Address307,26,2
Address308,150,3
Address309,285,4
Address310,282,5
Address311,351,5
Address312,130,3
Address313,139,1
Address314,47,2
Address315,290,5
Address316,394,5
Address317,480,5
Address318,384,1
Address319,168,2
Address320,243,4
Address321,271,5
Address322,380,2
Address323,177,3
Address324,169,4
Address325,437,2
Address326,432,4
Address327,184,5
Address328,59,5
Address329,450,2
Address330,47,1
Address331,419,1
Address332,288,4
Address333,351,2
Address334,213,1
Address335,274,2
Address336,365,1
Address337,21,2
Address338,401,4
Address339,68,5
Address340,413,2
Address341,420,4
Address342,450,2
Address343,422,4
Address344,375,2
Address345,493,4
Address346,461,2
Address347,483,1
Address348,368,3
Address349,287,2
Address350,416,5
Address351,30,1
Address352,296,2
Address353,310,2
Address354,296,5
Address355,336,4
Address356,206,1
Address357,499,3
Address358,491,4
Address359,372,1
Address360,167,5
Address361,312,3
Address362,114,1
Address363,472,2
Address364,336,3
Address365,87,4
Address366,404,4
Address367,95,3
Address368,477,2
Address369,21,5
Address370,355,2
Address371,102,3
Address372,419,5
Address373,162,5
Address374,401,3
Address375,224,2
Address376,25,5
Address377,301,2
Address378,194,2
Address379,201,3
Address380,24,3
Address381,22,1
Address382,279,1
Address383,175,5
Address384,50,2
Address385,413,4
Address386,474,4
Address387,192,2
Address388,442,3
Address389,465,4
Address390,331,5
Address391,314,3
Address392,53,1
Address393,421,3
Address394,403,4
Address395,218,5
Address396,71,5
Address397,411,3
Address398,344,4
Address399,399,3
Address400,283,3
Address401,312,4
Address402,101,2
Address403,65,1
Address404,494,1
Address405,265,5
Address406,141,2
Address407,279,4
Address408,104,3
Address409,489,1
Address410,230,2
Address411,422,5
Address412,84,3
Address413,87,1
Address414,298,4
Address415,128,5
Address416,116,5
Address417,140,4
Address418,354,5
Address419,478,1
Address420,178,3
Address421,418,2
Address422,500,2
Address423,304,5
Address424,324,4
Address425,248,5
Address426,426,1
Address427,140,4
Address428,254,2
Address429,128,2
Address430,203,3
Address431,280,4
Address432,468,4
Address433,257,3
Address434,238,4
Address435,449,1
Address436,340,3
Address437,333,3
Address438,300,1
Address439,307,5
Address440,73,1
Address441,313,2
Address442,459,5
Address443,313,5
Address444,151,3
Address445,243,4
Address446,30,5
Address447,335,2
Address448,481,1
Address449,334,5
Address450,346,3
Address451,326,1
Address452,237,2
Address453,112,3
Address454,248,4
Address455,157,5
Address456,301,2
Address457,192,4
Address458,64,1
Address459,253,1
Address460,362,1
Address461,329,2
Address462,472,4
Address463,149,3
Address464,93,2
Address465,99,4
Address466,96,3
Address467,38,4
Address468,177,2
Address469,35,1
Address470,254,1
Address471,281,4
Address472,411,5
Address473,68,5
Address474,492,2
Address475,204,1
Address476,229,2
Address477,237,1
Address478,113,2
Address479,131,2
Address480,242,2
Address481,286,3
Address482,490,2
Address483,149,2
Address484,411,1
Address485,168,2
Address486,287,1
Address487,23,5
Address488,397,2
Address489,169,4
Address490,41,2
Address491,309,4
Address492,75,4
Address493,159,1
Address494,21,3
Address495,351,4
Address496,171,4
Address497,158,4
Address498,103,1
Address499,338,1
Address500,163,3
Address501,176,3
Address502,386,2
Address503,480,5
Address504,385,3
Address505,438,4
Address506,170,3
Address507,264,2
Address508,23,4
Address509,431,3
Address510,38,4
Address511,288,3
Address512,217,2
Address513,68,1
Address514,215,5
Address515,403,5
Address516,390,5
Address517,388,5
Address518,127,1
Address519,244,5
Address520,376,4
Address521,289,3
Address522,430,2
Address523,423,2
Address524,349,2
Address525,142,5
Address526,423,5
Address527,50,3
Address528,171,1
Address529,268,1
Address530,427,2
Address531,346,5
Address532,51,4
Address533,485,2
Address534,438,5
Address535,298,1
Address536,412,5
Address537,413,5
Address538,226,1
Address539,491,3
Address540,427,1
Address541,170,5
Address542,273,5
Address543,63,2
Address544,445,3
Address545,183,2
Address546,27,1
Address547,486,5
Address548,114,5
Address549,490,1
Address550,102,3
Address551,28,3
Address552,39,2
Address553,236,5
Address554,391,5
Address555,373,3
Address556,125,3
Address557,231,1
Address558,113,5
Address559,418,2
Address560,339,2
Address561,231,5
Address562,251,2
Address563,185,4
Address564,434,4
Address565,131,4
Address566,405,3
Address567,264,5
Address568,157,3
Address569,41,2
Address570,133,5
Address571,45,4
Address572,456,5
Address573,493,1
Address574,331,2
Address575,400,4
Address576,249,5
Address577,393,3
Address578,365,5
Address579,216,1
Address580,490,3
Address581,424,5
Address582,314,5
Address583,204,1
Address584,30,5
Address585,363,5
Address586,54,4
Address587,88,2
Address588,484,5
Address589,480,1
Address590,347,4
Address591,227,5
Address592,457,4
Address593,73,2
Address594,229,2
Address595,130,3
Address596,25,4
Address597,109,3
Address598,270,3
Address599,38,3
Address600,480,1
Address601,119,1
Address602,390,1
Address603,453,4
Address604,452,5
Address605,140,3
Address606,87,4
Address607,216,2
Address608,469,4
Address609,198,3
Address610,224,2
Address611,464,5
Address612,187,1
Address613,252,3
Address614,344,2
Address615,346,2
Address616,181,5
Address617,210,5
Address618,43,4
Address619,447,5
Address620,264,2
Address621,379,3
Address622,236,2
Address623,212,2
Address624,190,5
Address625,319,4
Address626,487,1
Address627,144,3
Address628,168,4
Address629,247,1
Address630,149,3
Address631,134,1
Address632,425,5
Address633,53,4
Address634,450,2
Address635,260,1
Address636,366,4
Address637,243,4
Address638,272,3
Address639,467,3
Address640,67,4
Address641,105,3
Address642,152,2
Address643,74,4
Address644,275,5
Address645,247,5
Address646,498,2
Address647,428,3
Address648,244,3
Address649,195,3
Address650,28,3
Address651,344,5
Address652,269,3
Address653,153,3
Address654,99,2
Address655,411,3
Address656,450,2
Address657,371,4
Address658,116,1
Address659,79,1
Address660,449,3
Address661,231,2
Address662,259,2
Address663,190,5
Address664,304,3
Address665,383,2
Address666,76,3
Address667,454,5
Address668,202,1
Address669,54,4
Address670,286,1
Address671,87,1
Address672,96,1
Address673,36,5
Address674,74,5
Address675,233,5
Address676,89,2
Address677,456,3
Address678,304,4
Address679,239,2
Address680,366,1
Address681,239,5
Address682,54,3
Address683,179,5
Address684,132,2
Address685,247,1
Address686,314,1
Address687,450,4
Address688,250,2
Address689,378,4
Address690,45,5
Address691,291,3
Address692,258,4
Address693,163,2
Address694,493,2
Address695,252,5
Address696,390,3
Address697,233,2
Address698,154,5
Address699,399,3
Address700,234,5
Address701,293,2
Address702,139,1
Address703,497,5
Address704,43,2
Address705,323,1
Address706,461,1
Address707,103,1
Address708,477,4
Address709,255,4
Address710,173,4
Address711,37,3
Address712,90,2
Address713,378,2
Address714,314,2
Address715,171,3
Address716,198,5
Address717,202,3
Address718,370,1
Address719,105,2
Address720,149,5
Address721,114,1
Address722,421,1
Address723,93,4
Address724,217,3
Address725,426,3
Address726,371,2
Address727,168,2
Address728,184,3
Address729,420,3
Address730,479,4
Address731,264,3
Address732,303,5
Address733,392,3
Address734,377,2
Address735,297,2
Address736,394,2
Address737,33,1
Address738,358,4
Address739,219,3
Address740,71,1
Address741,36,5
Address742,489,1
Address743,241,3
Address744,187,5
Address745,79,1
Address746,472,3
Address747,171,1
Address748,45,1
Address749,74,4
Address750,317,4
Address751,258,4
Address752,113,5
Address753,98,3
Address754,498,2
Address755,248,3
Address756,294,4
Address757,167,2
Address758,319,5
Address759,401,3
Address760,50,5
Address761,266,2
Address762,428,3
Address763,89,2
Address764,145,3
Address765,266,5
Address766,135,3
Address767,242,5
Address768,432,4
Address769,393,3
Address770,500,1
Address771,338,5
Address772,337,1
Address773,181,3
Address774,224,4
Address775,469,3
Address776,202,5
Address777,476,2
Address778,277,5
Address779,397,2
Address780,49,3
Address781,157,2
Address782,142,1
Address783,385,3
Address784,47,1
Address785,115,1
Address786,112,2
Address787,228,2
Address788,72,4
Address789,424,1
Address790,441,5
Address791,188,5
Address792,333,2
Address793,20,3
Address794,250,4
Address795,385,2
Address796,43,2
Address797,56,1
Address798,232,3
Address799,246,1
Address800,190,3
Address801,414,5
Address802,305,1
Address803,120,2
Address804,393,3
Address805,200,2
Address806,165,2
Address807,334,2
Address808,475,3
Address809,382,5
Address810,260,4
Address811,358,5
Address812,479,1
Address813,126,4
Address814,106,5
Address815,445,5
Address816,356,1
Address817,393,2
Address818,99,3
Address819,282,3
Address820,98,1
Address821,375,5
Address822,131,2
Address823,22,2
Address824,223,1
Address825,191,3
Address826,383,2
Address827,98,4
Address828,298,3
Address829,118,4
Address830,133,4
Address831,350,1
Address832,348,5
Address833,47,3
Address834,270,1
Address835,251,1
Address836,38,2
Address837,321,2
Address838,426,1
Address839,193,3
Address840,349,3
Address841,471,2
Address842,293,4
Address843,25,3
Address844,496,3
Address845,186,4
Address846,181,2
Address847,282,3
Address848,199,4
Address849,497,2
Address850,425,5
Address851,90,1
Address852,395,3
Address853,54,2
Address854,405,5
Address855,84,4
Address856,51,4
Address857,143,2
Address858,337,4
Address859,474,5
Address860,316,5
Address861,111,4
Address862,387,1
Address863,360,3
Address864,47,1
Address865,123,2
Address866,426,5
Address867,243,1
Address868,421,4
Address869,205,5
Address870,109,1
Address871,455,5
Address872,166,3
Address873,478,2
Address874,111,4
Address875,333,2
Address876,55,3
Address877,84,4
Address878,189,1
Address879,500,2
Address880,403,3
Address881,270,2
Address882,421,4
Address883,397,2
Address884,475,3
Address885,410,3
Address886,368,4
Address887,300,5
Address888,321,5
Address889,108,4
Address890,38,4
Address891,147,3
Address892,146,5
Address893,51,4
Address894,71,3
Address895,324,3
Address896,406,2
Address897,381,1
Address898,39,2
Address899,469,2
Address900,64,5
Address901,431,5
Address902,125,2
Address903,172,3
Address904,250,3
Address905,248,2
Address906,87,1
Address907,482,4
Address908,391,1
Address909,277,3
Address910,490,4
Address911,281,5
Address912,233,2
Address913,46,2
Address914,194,1
Address915,350,5
Address916,91,2
Address917,62,1
Address918,479,1
Address919,498,2
Address920,187,4
Address921,234,3
Address922,121,5
Address923,258,4
Address924,442,2
Address925,377,1
Address926,85,4
Address927,467,5
Address928,300,1
Address929,39,1
Address930,327,4
Address931,357,1
Address932,99,1
Address933,55,2
Address934,234,2
Address935,26,2
Address936,335,5
Address937,460,1
Address938,375,1
Address939,292,5
Address940,136,3
Address941,205,1
Address942,290,4
Address943,284,5
Address944,346,2
Address945,308,1
Address946,176,5
Address947,115,4
Address948,211,4
Address949,199,4
Address950,241,3
Address951,196,4
Address952,386,5
Address953,353,3
Address954,98,1
Address955,449,1
Address956,495,1
Address957,483,4
Address958,117,2
Address959,348,1
Address960,177,4
Address961,295,1
Address962,460,2
Address963,110,4
Address964,203,3
Address965,180,2
Address966,128,5
Address967,28,1
Address968,97,5
Address969,340,4
Address970,365,2
Address971,161,1
Address972,332,1
Address973,414,3
Address974,42,2
Address975,97,1
Address976,78,1
Address977,250,3
Address978,192,5
Address979,81,3
Address980,168,5
Address981,497,3
Address982,488,4
Address983,74,1
Address984,306,4
Address985,76,1
Address986,53,1
Address987,314,3
Address988,332,1
Address989,183,5
Address990,275,5
Address991,464,5
Address992,253,5
Address993,138,3
Address994,91,5
Address995,334,4
Address996,258,3
Address997,210,2
Address998,51,1
Address999,135,2
