name,email,password
User0,user0@example.com,123456
User1,user1@example.com,123456
User2,user2@example.com,123456
User3,user3@example.com,123456
User4,user4@example.com,123456
User5,user5@example.com,123456
User6,user6@example.com,123456
User7,user7@example.com,123456
User8,user8@example.com,123456
User9,user9@example.com,123456
User10,user10@example.com,123456
User11,user11@example.com,123456
User12,user12@example.com,123456
User13,user13@example.com,123456
User14,user14@example.com,123456
User15,user15@example.com,123456
User16,user16@example.com,123456
User17,user17@example.com,123456
User18,user18@example.com,123456
User19,user19@example.com,123456
User20,user20@example.com,123456
User21,user21@example.com,123456
User22,user22@example.com,123456
User23,user23@example.com,123456
User24,user24@example.com,123456
User25,user25@example.com,123456
User26,user26@example.com,123456
User27,user27@example.com,123456
User28,user28@example.com,123456
User29,user29@example.com,123456
User30,user30@example.com,123456
User31,user31@example.com,123456
User32,user32@example.com,123456
User33,user33@example.com,123456
User34,user34@example.com,123456
User35,user35@example.com,123456
User36,user36@example.com,123456
User37,user37@example.com,123456
User38,user38@example.com,123456
User39,user39@example.com,123456
User40,user40@example.com,123456
User41,user41@example.com,123456
User42,user42@example.com,123456
User43,user43@example.com,123456
User44,user44@example.com,123456
User45,user45@example.com,123456
User46,user46@example.com,123456
User47,user47@example.com,123456
User48,user48@example.com,123456
User49,user49@example.com,123456
User50,user50@example.com,123456
User51,user51@example.com,123456
User52,user52@example.com,123456
User53,user53@example.com,123456
User54,user54@example.com,123456
User55,user55@example.com,123456
User56,user56@example.com,123456
User57,user57@example.com,123456
User58,user58@example.com,123456
User59,user59@example.com,123456
User60,user60@example.com,123456
User61,user61@example.com,123456
User62,user62@example.com,123456
User63,user63@example.com,123456
User64,user64@example.com,123456
User65,user65@example.com,123456
User66,user66@example.com,123456
User67,user67@example.com,123456
User68,user68@example.com,123456
User69,user69@example.com,123456
User70,user70@example.com,123456
User71,user71@example.com,123456
User72,user72@example.com,123456
User73,user73@example.com,123456
User74,user74@example.com,123456
User75,user75@example.com,123456
User76,user76@example.com,123456
User77,user77@example.com,123456
User78,user78@example.com,123456
User79,user79@example.com,123456
User80,user80@example.com,123456
User81,user81@example.com,123456
User82,user82@example.com,123456
User83,user83@example.com,123456
User84,user84@example.com,123456
User85,user85@example.com,123456
User86,user86@example.com,123456
User87,user87@example.com,123456
User88,user88@example.com,123456
User89,user89@example.com,123456
User90,user90@example.com,123456
User91,user91@example.com,123456
User92,user92@example.com,123456
User93,user93@example.com,123456
User94,user94@example.com,123456
User95,user95@example.com,123456
User96,user96@example.com,123456
User97,user97@example.com,123456
User98,user98@example.com,123456
User99,user99@example.com,123456
User100,user100@example.com,123456
User101,user101@example.com,123456
User102,user102@example.com,123456
User103,user103@example.com,123456
User104,user104@example.com,123456
User105,user105@example.com,123456
User106,user106@example.com,123456
User107,user107@example.com,123456
User108,user108@example.com,123456
User109,user109@example.com,123456
User110,user110@example.com,123456
User111,user111@example.com,123456
User112,user112@example.com,123456
User113,user113@example.com,123456
User114,user114@example.com,123456
User115,user115@example.com,123456
User116,user116@example.com,123456
User117,user117@example.com,123456
User118,user118@example.com,123456
User119,user119@example.com,123456
User120,user120@example.com,123456
User121,user121@example.com,123456
User122,user122@example.com,123456
User123,user123@example.com,123456
User124,user124@example.com,123456
User125,user125@example.com,123456
User126,user126@example.com,123456
User127,user127@example.com,123456
User128,user128@example.com,123456
User129,user129@example.com,123456
User130,user130@example.com,123456
User131,user131@example.com,123456
User132,user132@example.com,123456
User133,user133@example.com,123456
User134,user134@example.com,123456
User135,user135@example.com,123456
User136,user136@example.com,123456
User137,user137@example.com,123456
User138,user138@example.com,123456
User139,user139@example.com,123456
User140,user140@example.com,123456
User141,user141@example.com,123456
User142,user142@example.com,123456
User143,user143@example.com,123456
User144,user144@example.com,123456
User145,user145@example.com,123456
User146,user146@example.com,123456
User147,user147@example.com,123456
User148,user148@example.com,123456
User149,user149@example.com,123456
User150,user150@example.com,123456
User151,user151@example.com,123456
User152,user152@example.com,123456
User153,user153@example.com,123456
User154,user154@example.com,123456
User155,user155@example.com,123456
User156,user156@example.com,123456
User157,user157@example.com,123456
User158,user158@example.com,123456
User159,user159@example.com,123456
User160,user160@example.com,123456
User161,user161@example.com,123456
User162,user162@example.com,123456
User163,user163@example.com,123456
User164,user164@example.com,123456
User165,user165@example.com,123456
User166,user166@example.com,123456
User167,user167@example.com,123456
User168,user168@example.com,123456
User169,user169@example.com,123456
User170,user170@example.com,123456
User171,user171@example.com,123456
User172,user172@example.com,123456
User173,user173@example.com,123456
User174,user174@example.com,123456
User175,user175@example.com,123456
User176,user176@example.com,123456
User177,user177@example.com,123456
User178,user178@example.com,123456
User179,user179@example.com,123456
User180,user180@example.com,123456
User181,user181@example.com,123456
User182,user182@example.com,123456
User183,user183@example.com,123456
User184,user184@example.com,123456
User185,user185@example.com,123456
User186,user186@example.com,123456
User187,user187@example.com,123456
User188,user188@example.com,123456
User189,user189@example.com,123456
User190,user190@example.com,123456
User191,user191@example.com,123456
User192,user192@example.com,123456
User193,user193@example.com,123456
User194,user194@example.com,123456
User195,user195@example.com,123456
User196,user196@example.com,123456
User197,user197@example.com,123456
User198,user198@example.com,123456
User199,user199@example.com,123456
User200,user200@example.com,123456
User201,user201@example.com,123456
User202,user202@example.com,123456
User203,user203@example.com,123456
User204,user204@example.com,123456
User205,user205@example.com,123456
User206,user206@example.com,123456
User207,user207@example.com,123456
User208,user208@example.com,123456
User209,user209@example.com,123456
User210,user210@example.com,123456
User211,user211@example.com,123456
User212,user212@example.com,123456
User213,user213@example.com,123456
User214,user214@example.com,123456
User215,user215@example.com,123456
User216,user216@example.com,123456
User217,user217@example.com,123456
User218,user218@example.com,123456
User219,user219@example.com,123456
User220,user220@example.com,123456
User221,user221@example.com,123456
User222,user222@example.com,123456
User223,user223@example.com,123456
User224,user224@example.com,123456
User225,user225@example.com,123456
User226,user226@example.com,123456
User227,user227@example.com,123456
User228,user228@example.com,123456
User229,user229@example.com,123456
User230,user230@example.com,123456
User231,user231@example.com,123456
User232,user232@example.com,123456
User233,user233@example.com,123456
User234,user234@example.com,123456
User235,user235@example.com,123456
User236,user236@example.com,123456
User237,user237@example.com,123456
User238,user238@example.com,123456
User239,user239@example.com,123456
User240,user240@example.com,123456
User241,user241@example.com,123456
User242,user242@example.com,123456
User243,user243@example.com,123456
User244,user244@example.com,123456
User245,user245@example.com,123456
User246,user246@example.com,123456
User247,user247@example.com,123456
User248,user248@example.com,123456
User249,user249@example.com,123456
User250,user250@example.com,123456
User251,user251@example.com,123456
User252,user252@example.com,123456
User253,user253@example.com,123456
User254,user254@example.com,123456
User255,user255@example.com,123456
User256,user256@example.com,123456
User257,user257@example.com,123456
User258,user258@example.com,123456
User259,user259@example.com,123456
User260,user260@example.com,123456
User261,user261@example.com,123456
User262,user262@example.com,123456
User263,user263@example.com,123456
User264,user264@example.com,123456
User265,user265@example.com,123456
User266,user266@example.com,123456
User267,user267@example.com,123456
User268,user268@example.com,123456
User269,user269@example.com,123456
User270,user270@example.com,123456
User271,user271@example.com,123456
User272,user272@example.com,123456
User273,user273@example.com,123456
User274,user274@example.com,123456
User275,user275@example.com,123456
User276,user276@example.com,123456
User277,user277@example.com,123456
User278,user278@example.com,123456
User279,user279@example.com,123456
User280,user280@example.com,123456
User281,user281@example.com,123456
User282,user282@example.com,123456
User283,user283@example.com,123456
User284,user284@example.com,123456
User285,user285@example.com,123456
User286,user286@example.com,123456
User287,user287@example.com,123456
User288,user288@example.com,123456
User289,user289@example.com,123456
User290,user290@example.com,123456
User291,user291@example.com,123456
User292,user292@example.com,123456
User293,user293@example.com,123456
User294,user294@example.com,123456
User295,user295@example.com,123456
User296,user296@example.com,123456
User297,user297@example.com,123456
User298,user298@example.com,123456
User299,user299@example.com,123456
User300,user300@example.com,123456
User301,user301@example.com,123456
User302,user302@example.com,123456
User303,user303@example.com,123456
User304,user304@example.com,123456
User305,user305@example.com,123456
User306,user306@example.com,123456
User307,user307@example.com,123456
User308,user308@example.com,123456
User309,user309@example.com,123456
User310,user310@example.com,123456
User311,user311@example.com,123456
User312,user312@example.com,123456
User313,user313@example.com,123456
User314,user314@example.com,123456
User315,user315@example.com,123456
User316,user316@example.com,123456
User317,user317@example.com,123456
User318,user318@example.com,123456
User319,user319@example.com,123456
User320,user320@example.com,123456
User321,user321@example.com,123456
User322,user322@example.com,123456
User323,user323@example.com,123456
User324,user324@example.com,123456
User325,user325@example.com,123456
User326,user326@example.com,123456
User327,user327@example.com,123456
User328,user328@example.com,123456
User329,user329@example.com,123456
User330,user330@example.com,123456
User331,user331@example.com,123456
User332,user332@example.com,123456
User333,user333@example.com,123456
User334,user334@example.com,123456
User335,user335@example.com,123456
User336,user336@example.com,123456
User337,user337@example.com,123456
User338,user338@example.com,123456
User339,user339@example.com,123456
User340,user340@example.com,123456
User341,user341@example.com,123456
User342,user342@example.com,123456
User343,user343@example.com,123456
User344,user344@example.com,123456
User345,user345@example.com,123456
User346,user346@example.com,123456
User347,user347@example.com,123456
User348,user348@example.com,123456
User349,user349@example.com,123456
User350,user350@example.com,123456
User351,user351@example.com,123456
User352,user352@example.com,123456
User353,user353@example.com,123456
User354,user354@example.com,123456
User355,user355@example.com,123456
User356,user356@example.com,123456
User357,user357@example.com,123456
User358,user358@example.com,123456
User359,user359@example.com,123456
User360,user360@example.com,123456
User361,user361@example.com,123456
User362,user362@example.com,123456
User363,user363@example.com,123456
User364,user364@example.com,123456
User365,user365@example.com,123456
User366,user366@example.com,123456
User367,user367@example.com,123456
User368,user368@example.com,123456
User369,user369@example.com,123456
User370,user370@example.com,123456
User371,user371@example.com,123456
User372,user372@example.com,123456
User373,user373@example.com,123456
User374,user374@example.com,123456
User375,user375@example.com,123456
User376,user376@example.com,123456
User377,user377@example.com,123456
User378,user378@example.com,123456
User379,user379@example.com,123456
User380,user380@example.com,123456
User381,user381@example.com,123456
User382,user382@example.com,123456
User383,user383@example.com,123456
User384,user384@example.com,123456
User385,user385@example.com,123456
User386,user386@example.com,123456
User387,user387@example.com,123456
User388,user388@example.com,123456
User389,user389@example.com,123456
User390,user390@example.com,123456
User391,user391@example.com,123456
User392,user392@example.com,123456
User393,user393@example.com,123456
User394,user394@example.com,123456
User395,user395@example.com,123456
User396,user396@example.com,123456
User397,user397@example.com,123456
User398,user398@example.com,123456
User399,user399@example.com,123456
User400,user400@example.com,123456
User401,user401@example.com,123456
User402,user402@example.com,123456
User403,user403@example.com,123456
User404,user404@example.com,123456
User405,user405@example.com,123456
User406,user406@example.com,123456
User407,user407@example.com,123456
User408,user408@example.com,123456
User409,user409@example.com,123456
User410,user410@example.com,123456
User411,user411@example.com,123456
User412,user412@example.com,123456
User413,user413@example.com,123456
User414,user414@example.com,123456
User415,user415@example.com,123456
User416,user416@example.com,123456
User417,user417@example.com,123456
User418,user418@example.com,123456
User419,user419@example.com,123456
User420,user420@example.com,123456
User421,user421@example.com,123456
User422,user422@example.com,123456
User423,user423@example.com,123456
User424,user424@example.com,123456
User425,user425@example.com,123456
User426,user426@example.com,123456
User427,user427@example.com,123456
User428,user428@example.com,123456
User429,user429@example.com,123456
User430,user430@example.com,123456
User431,user431@example.com,123456
User432,user432@example.com,123456
User433,user433@example.com,123456
User434,user434@example.com,123456
User435,user435@example.com,123456
User436,user436@example.com,123456
User437,user437@example.com,123456
User438,user438@example.com,123456
User439,user439@example.com,123456
User440,user440@example.com,123456
User441,user441@example.com,123456
User442,user442@example.com,123456
User443,user443@example.com,123456
User444,user444@example.com,123456
User445,user445@example.com,123456
User446,user446@example.com,123456
User447,user447@example.com,123456
User448,user448@example.com,123456
User449,user449@example.com,123456
User450,user450@example.com,123456
User451,user451@example.com,123456
User452,user452@example.com,123456
User453,user453@example.com,123456
User454,user454@example.com,123456
User455,user455@example.com,123456
User456,user456@example.com,123456
User457,user457@example.com,123456
User458,user458@example.com,123456
User459,user459@example.com,123456
User460,user460@example.com,123456
User461,user461@example.com,123456
User462,user462@example.com,123456
User463,user463@example.com,123456
User464,user464@example.com,123456
User465,user465@example.com,123456
User466,user466@example.com,123456
User467,user467@example.com,123456
User468,user468@example.com,123456
User469,user469@example.com,123456
User470,user470@example.com,123456
User471,user471@example.com,123456
User472,user472@example.com,123456
User473,user473@example.com,123456
User474,user474@example.com,123456
User475,user475@example.com,123456
User476,user476@example.com,123456
User477,user477@example.com,123456
User478,user478@example.com,123456
User479,user479@example.com,123456
User480,user480@example.com,123456
User481,user481@example.com,123456
User482,user482@example.com,123456
User483,user483@example.com,123456
User484,user484@example.com,123456
User485,user485@example.com,123456
User486,user486@example.com,123456
User487,user487@example.com,123456
User488,user488@example.com,123456
User489,user489@example.com,123456
User490,user490@example.com,123456
User491,user491@example.com,123456
User492,user492@example.com,123456
User493,user493@example.com,123456
User494,user494@example.com,123456
User495,user495@example.com,123456
User496,user496@example.com,123456
User497,user497@example.com,123456
User498,user498@example.com,123456
User499,user499@example.com,123456
User500,user500@example.com,123456
User501,user501@example.com,123456
User502,user502@example.com,123456
User503,user503@example.com,123456
User504,user504@example.com,123456
User505,user505@example.com,123456
User506,user506@example.com,123456
User507,user507@example.com,123456
User508,user508@example.com,123456
User509,user509@example.com,123456
User510,user510@example.com,123456
User511,user511@example.com,123456
User512,user512@example.com,123456
User513,user513@example.com,123456
User514,user514@example.com,123456
User515,user515@example.com,123456
User516,user516@example.com,123456
User517,user517@example.com,123456
User518,user518@example.com,123456
User519,user519@example.com,123456
User520,user520@example.com,123456
User521,user521@example.com,123456
User522,user522@example.com,123456
User523,user523@example.com,123456
User524,user524@example.com,123456
User525,user525@example.com,123456
User526,user526@example.com,123456
User527,user527@example.com,123456
User528,user528@example.com,123456
User529,user529@example.com,123456
User530,user530@example.com,123456
User531,user531@example.com,123456
User532,user532@example.com,123456
User533,user533@example.com,123456
User534,user534@example.com,123456
User535,user535@example.com,123456
User536,user536@example.com,123456
User537,user537@example.com,123456
User538,user538@example.com,123456
User539,user539@example.com,123456
User540,user540@example.com,123456
User541,user541@example.com,123456
User542,user542@example.com,123456
User543,user543@example.com,123456
User544,user544@example.com,123456
User545,user545@example.com,123456
User546,user546@example.com,123456
User547,user547@example.com,123456
User548,user548@example.com,123456
User549,user549@example.com,123456
User550,user550@example.com,123456
User551,user551@example.com,123456
User552,user552@example.com,123456
User553,user553@example.com,123456
User554,user554@example.com,123456
User555,user555@example.com,123456
User556,user556@example.com,123456
User557,user557@example.com,123456
User558,user558@example.com,123456
User559,user559@example.com,123456
User560,user560@example.com,123456
User561,user561@example.com,123456
User562,user562@example.com,123456
User563,user563@example.com,123456
User564,user564@example.com,123456
User565,user565@example.com,123456
User566,user566@example.com,123456
User567,user567@example.com,123456
User568,user568@example.com,123456
User569,user569@example.com,123456
User570,user570@example.com,123456
User571,user571@example.com,123456
User572,user572@example.com,123456
User573,user573@example.com,123456
User574,user574@example.com,123456
User575,user575@example.com,123456
User576,user576@example.com,123456
User577,user577@example.com,123456
User578,user578@example.com,123456
User579,user579@example.com,123456
User580,user580@example.com,123456
User581,user581@example.com,123456
User582,user582@example.com,123456
User583,user583@example.com,123456
User584,user584@example.com,123456
User585,user585@example.com,123456
User586,user586@example.com,123456
User587,user587@example.com,123456
User588,user588@example.com,123456
User589,user589@example.com,123456
User590,user590@example.com,123456
User591,user591@example.com,123456
User592,user592@example.com,123456
User593,user593@example.com,123456
User594,user594@example.com,123456
User595,user595@example.com,123456
User596,user596@example.com,123456
User597,user597@example.com,123456
User598,user598@example.com,123456
User599,user599@example.com,123456
User600,user600@example.com,123456
User601,user601@example.com,123456
User602,user602@example.com,123456
User603,user603@example.com,123456
User604,user604@example.com,123456
User605,user605@example.com,123456
User606,user606@example.com,123456
User607,user607@example.com,123456
User608,user608@example.com,123456
User609,user609@example.com,123456
User610,user610@example.com,123456
User611,user611@example.com,123456
User612,user612@example.com,123456
User613,user613@example.com,123456
User614,user614@example.com,123456
User615,user615@example.com,123456
User616,user616@example.com,123456
User617,user617@example.com,123456
User618,user618@example.com,123456
User619,user619@example.com,123456
User620,user620@example.com,123456
User621,user621@example.com,123456
User622,user622@example.com,123456
User623,user623@example.com,123456
User624,user624@example.com,123456
User625,user625@example.com,123456
User626,user626@example.com,123456
User627,user627@example.com,123456
User628,user628@example.com,123456
User629,user629@example.com,123456
User630,user630@example.com,123456
User631,user631@example.com,123456
User632,user632@example.com,123456
User633,user633@example.com,123456
User634,user634@example.com,123456
User635,user635@example.com,123456
User636,user636@example.com,123456
User637,user637@example.com,123456
User638,user638@example.com,123456
User639,user639@example.com,123456
User640,user640@example.com,123456
User641,user641@example.com,123456
User642,user642@example.com,123456
User643,user643@example.com,123456
User644,user644@example.com,123456
User645,user645@example.com,123456
User646,user646@example.com,123456
User647,user647@example.com,123456
User648,user648@example.com,123456
User649,user649@example.com,123456
User650,user650@example.com,123456
User651,user651@example.com,123456
User652,user652@example.com,123456
User653,user653@example.com,123456
User654,user654@example.com,123456
User655,user655@example.com,123456
User656,user656@example.com,123456
User657,user657@example.com,123456
User658,user658@example.com,123456
User659,user659@example.com,123456
User660,user660@example.com,123456
User661,user661@example.com,123456
User662,user662@example.com,123456
User663,user663@example.com,123456
User664,user664@example.com,123456
User665,user665@example.com,123456
User666,user666@example.com,123456
User667,user667@example.com,123456
User668,user668@example.com,123456
User669,user669@example.com,123456
User670,user670@example.com,123456
User671,user671@example.com,123456
User672,user672@example.com,123456
User673,user673@example.com,123456
User674,user674@example.com,123456
User675,user675@example.com,123456
User676,user676@example.com,123456
User677,user677@example.com,123456
User678,user678@example.com,123456
User679,user679@example.com,123456
User680,user680@example.com,123456
User681,user681@example.com,123456
User682,user682@example.com,123456
User683,user683@example.com,123456
User684,user684@example.com,123456
User685,user685@example.com,123456
User686,user686@example.com,123456
User687,user687@example.com,123456
User688,user688@example.com,123456
User689,user689@example.com,123456
User690,user690@example.com,123456
User691,user691@example.com,123456
User692,user692@example.com,123456
User693,user693@example.com,123456
User694,user694@example.com,123456
User695,user695@example.com,123456
User696,user696@example.com,123456
User697,user697@example.com,123456
User698,user698@example.com,123456
User699,user699@example.com,123456
User700,user700@example.com,123456
User701,user701@example.com,123456
User702,user702@example.com,123456
User703,user703@example.com,123456
User704,user704@example.com,123456
User705,user705@example.com,123456
User706,user706@example.com,123456
User707,user707@example.com,123456
User708,user708@example.com,123456
User709,user709@example.com,123456
User710,user710@example.com,123456
User711,user711@example.com,123456
User712,user712@example.com,123456
User713,user713@example.com,123456
User714,user714@example.com,123456
User715,user715@example.com,123456
User716,user716@example.com,123456
User717,user717@example.com,123456
User718,user718@example.com,123456
User719,user719@example.com,123456
User720,user720@example.com,123456
User721,user721@example.com,123456
User722,user722@example.com,123456
User723,user723@example.com,123456
User724,user724@example.com,123456
User725,user725@example.com,123456
User726,user726@example.com,123456
User727,user727@example.com,123456
User728,user728@example.com,123456
User729,user729@example.com,123456
User730,user730@example.com,123456
User731,user731@example.com,123456
User732,user732@example.com,123456
User733,user733@example.com,123456
User734,user734@example.com,123456
User735,user735@example.com,123456
User736,user736@example.com,123456
User737,user737@example.com,123456
User738,user738@example.com,123456
User739,user739@example.com,123456
User740,user740@example.com,123456
User741,user741@example.com,123456
User742,user742@example.com,123456
User743,user743@example.com,123456
User744,user744@example.com,123456
User745,user745@example.com,123456
User746,user746@example.com,123456
User747,user747@example.com,123456
User748,user748@example.com,123456
User749,user749@example.com,123456
User750,user750@example.com,123456
User751,user751@example.com,123456
User752,user752@example.com,123456
User753,user753@example.com,123456
User754,user754@example.com,123456
User755,user755@example.com,123456
User756,user756@example.com,123456
User757,user757@example.com,123456
User758,user758@example.com,123456
User759,user759@example.com,123456
User760,user760@example.com,123456
User761,user761@example.com,123456
User762,user762@example.com,123456
User763,user763@example.com,123456
User764,user764@example.com,123456
User765,user765@example.com,123456
User766,user766@example.com,123456
User767,user767@example.com,123456
User768,user768@example.com,123456
User769,user769@example.com,123456
User770,user770@example.com,123456
User771,user771@example.com,123456
User772,user772@example.com,123456
User773,user773@example.com,123456
User774,user774@example.com,123456
User775,user775@example.com,123456
User776,user776@example.com,123456
User777,user777@example.com,123456
User778,user778@example.com,123456
User779,user779@example.com,123456
User780,user780@example.com,123456
User781,user781@example.com,123456
User782,user782@example.com,123456
User783,user783@example.com,123456
User784,user784@example.com,123456
User785,user785@example.com,123456
User786,user786@example.com,123456
User787,user787@example.com,123456
User788,user788@example.com,123456
User789,user789@example.com,123456
User790,user790@example.com,123456
User791,user791@example.com,123456
User792,user792@example.com,123456
User793,user793@example.com,123456
User794,user794@example.com,123456
User795,user795@example.com,123456
User796,user796@example.com,123456
User797,user797@example.com,123456
User798,user798@example.com,123456
User799,user799@example.com,123456
User800,user800@example.com,123456
User801,user801@example.com,123456
User802,user802@example.com,123456
User803,user803@example.com,123456
User804,user804@example.com,123456
User805,user805@example.com,123456
User806,user806@example.com,123456
User807,user807@example.com,123456
User808,user808@example.com,123456
User809,user809@example.com,123456
User810,user810@example.com,123456
User811,user811@example.com,123456
User812,user812@example.com,123456
User813,user813@example.com,123456
User814,user814@example.com,123456
User815,user815@example.com,123456
User816,user816@example.com,123456
User817,user817@example.com,123456
User818,user818@example.com,123456
User819,user819@example.com,123456
User820,user820@example.com,123456
User821,user821@example.com,123456
User822,user822@example.com,123456
User823,user823@example.com,123456
User824,user824@example.com,123456
User825,user825@example.com,123456
User826,user826@example.com,123456
User827,user827@example.com,123456
User828,user828@example.com,123456
User829,user829@example.com,123456
User830,user830@example.com,123456
User831,user831@example.com,123456
User832,user832@example.com,123456
User833,user833@example.com,123456
User834,user834@example.com,123456
User835,user835@example.com,123456
User836,user836@example.com,123456
User837,user837@example.com,123456
User838,user838@example.com,123456
User839,user839@example.com,123456
User840,user840@example.com,123456
User841,user841@example.com,123456
User842,user842@example.com,123456
User843,user843@example.com,123456
User844,user844@example.com,123456
User845,user845@example.com,123456
User846,user846@example.com,123456
User847,user847@example.com,123456
User848,user848@example.com,123456
User849,user849@example.com,123456
User850,user850@example.com,123456
User851,user851@example.com,123456
User852,user852@example.com,123456
User853,user853@example.com,123456
User854,user854@example.com,123456
User855,user855@example.com,123456
User856,user856@example.com,123456
User857,user857@example.com,123456
User858,user858@example.com,123456
User859,user859@example.com,123456
User860,user860@example.com,123456
User861,user861@example.com,123456
User862,user862@example.com,123456
User863,user863@example.com,123456
User864,user864@example.com,123456
User865,user865@example.com,123456
User866,user866@example.com,123456
User867,user867@example.com,123456
User868,user868@example.com,123456
User869,user869@example.com,123456
User870,user870@example.com,123456
User871,user871@example.com,123456
User872,user872@example.com,123456
User873,user873@example.com,123456
User874,user874@example.com,123456
User875,user875@example.com,123456
User876,user876@example.com,123456
User877,user877@example.com,123456
User878,user878@example.com,123456
User879,user879@example.com,123456
User880,user880@example.com,123456
User881,user881@example.com,123456
User882,user882@example.com,123456
User883,user883@example.com,123456
User884,user884@example.com,123456
User885,user885@example.com,123456
User886,user886@example.com,123456
User887,user887@example.com,123456
User888,user888@example.com,123456
User889,user889@example.com,123456
User890,user890@example.com,123456
User891,user891@example.com,123456
User892,user892@example.com,123456
User893,user893@example.com,123456
User894,user894@example.com,123456
User895,user895@example.com,123456
User896,user896@example.com,123456
User897,user897@example.com,123456
User898,user898@example.com,123456
User899,user899@example.com,123456
User900,user900@example.com,123456
User901,user901@example.com,123456
User902,user902@example.com,123456
User903,user903@example.com,123456
User904,user904@example.com,123456
User905,user905@example.com,123456
User906,user906@example.com,123456
User907,user907@example.com,123456
User908,user908@example.com,123456
User909,user909@example.com,123456
User910,user910@example.com,123456
User911,user911@example.com,123456
User912,user912@example.com,123456
User913,user913@example.com,123456
User914,user914@example.com,123456
User915,user915@example.com,123456
User916,user916@example.com,123456
User917,user917@example.com,123456
User918,user918@example.com,123456
User919,user919@example.com,123456
User920,user920@example.com,123456
User921,user921@example.com,123456
User922,user922@example.com,123456
User923,user923@example.com,123456
User924,user924@example.com,123456
User925,user925@example.com,123456
User926,user926@example.com,123456
User927,user927@example.com,123456
User928,user928@example.com,123456
User929,user929@example.com,123456
User930,user930@example.com,123456
User931,user931@example.com,123456
User932,user932@example.com,123456
User933,user933@example.com,123456
User934,user934@example.com,123456
User935,user935@example.com,123456
User936,user936@example.com,123456
User937,user937@example.com,123456
User938,user938@example.com,123456
User939,user939@example.com,123456
User940,user940@example.com,123456
User941,user941@example.com,123456
User942,user942@example.com,123456
User943,user943@example.com,123456
User944,user944@example.com,123456
User945,user945@example.com,123456
User946,user946@example.com,123456
User947,user947@example.com,123456
User948,user948@example.com,123456
User949,user949@example.com,123456
User950,user950@example.com,123456
User951,user951@example.com,123456
User952,user952@example.com,123456
User953,user953@example.com,123456
User954,user954@example.com,123456
User955,user955@example.com,123456
User956,user956@example.com,123456
User957,user957@example.com,123456
User958,user958@example.com,123456
User959,user959@example.com,123456
User960,user960@example.com,123456
User961,user961@example.com,123456
User962,user962@example.com,123456
User963,user963@example.com,123456
User964,user964@example.com,123456
User965,user965@example.com,123456
User966,user966@example.com,123456
User967,user967@example.com,123456
User968,user968@example.com,123456
User969,user969@example.com,123456
User970,user970@example.com,123456
User971,user971@example.com,123456
User972,user972@example.com,123456
User973,user973@example.com,123456
User974,user974@example.com,123456
User975,user975@example.com,123456
User976,user976@example.com,123456
User977,user977@example.com,123456
User978,user978@example.com,123456
User979,user979@example.com,123456
User980,user980@example.com,123456
User981,user981@example.com,123456
User982,user982@example.com,123456
User983,user983@example.com,123456
User984,user984@example.com,123456
User985,user985@example.com,123456
User986,user986@example.com,123456
User987,user987@example.com,123456
User988,user988@example.com,123456
User989,user989@example.com,123456
User990,user990@example.com,123456
User991,user991@example.com,123456
User992,user992@example.com,123456
User993,user993@example.com,123456
User994,user994@example.com,123456
User995,user995@example.com,123456
User996,user996@example.com,123456
User997,user997@example.com,123456
User998,user998@example.com,123456
User999,user999@example.com,123456
